<?xml version="1.0" encoding="UTF-8"?>
<project-private xmlns="http://www.netbeans.org/ns/project-private/1">
    <editor-bookmarks xmlns="http://www.netbeans.org/ns/editor-bookmarks/2" lastBookmarkId="0"/>
    <open-files xmlns="http://www.netbeans.org/ns/projectui-open-files/2">
        <group>
            <file>file:/C:/Users/faiaz/Desktop/COMP228Lab3MDFaiaz/COMP228Lab3/src/comp228lab3Exercise3/PersonalMortgage.java</file>
            <file>file:/C:/Users/faiaz/Desktop/COMP228Lab3MDFaiaz/COMP228Lab3/src/comp228lab3Exercise2/FullTimeGameTester.java</file>
            <file>file:/C:/Users/faiaz/Desktop/COMP228Lab3MDFaiaz/COMP228Lab3/src/comp228lab3Exercise2/PartTimeGameTester.java</file>
            <file>file:/C:/Users/faiaz/Desktop/COMP228Lab3MDFaiaz/COMP228Lab3/src/comp228lab3Exercise1/InsuranceMain.java</file>
            <file>file:/C:/Users/faiaz/Desktop/COMP228Lab3MDFaiaz/COMP228Lab3/src/comp228lab3Exercise2/GameTester.java</file>
            <file>file:/C:/Users/faiaz/Desktop/COMP228Lab3MDFaiaz/COMP228Lab3/src/comp228lab3Exercise3/BusinessMortgage.java</file>
            <file>file:/C:/Users/faiaz/Desktop/COMP228Lab3MDFaiaz/COMP228Lab3/src/comp228lab3Exercise1/Insurance.java</file>
            <file>file:/C:/Users/faiaz/Desktop/COMP228Lab3MDFaiaz/COMP228Lab3/src/comp228lab3Exercise1/Life.java</file>
            <file>file:/C:/Users/faiaz/Desktop/COMP228Lab3MDFaiaz/COMP228Lab3/src/comp228lab3Exercise2/GameMain.java</file>
            <file>file:/C:/Users/faiaz/Desktop/COMP228Lab3MDFaiaz/COMP228Lab3/src/comp228lab3Exercise3/ProcessMortgage.java</file>
            <file>file:/C:/Users/faiaz/Desktop/COMP228Lab3MDFaiaz/COMP228Lab3/src/comp228lab3Exercise3/Mortgage.java</file>
            <file>file:/C:/Users/faiaz/Desktop/COMP228Lab3MDFaiaz/COMP228Lab3/src/comp228lab3/COMP228Lab3.java</file>
            <file>file:/C:/Users/faiaz/Desktop/COMP228Lab3MDFaiaz/COMP228Lab3/src/comp228lab3Exercise3/MortgageConstants.java</file>
            <file>file:/C:/Users/faiaz/Desktop/COMP228Lab3MDFaiaz/COMP228Lab3/src/comp228lab3Exercise1/Health.java</file>
        </group>
    </open-files>
</project-private>
